*FORCE_LENGTH,1,1,,,,,,,,,,,,,,,,,,,,,,,,,,,,,,,,,,
16,,,,,,,,,,,,,,,,,,,,,,,,,,,,,,,,,,,,
*SENSE_LENGTH,1,1,,,,,,,,,,,,,,,,,,,,,,,,,,,,,,,,,,
37,,,,,,,,,,,,,,,,,,,,,,,,,,,,,,,,,,,,
*KEY_LENGTH,1,1,,,,,,,,,,,,,,,,,,,,,,,,,,,,,,,,,,
0,,,,,,,,,,,,,,,,,,,,,,,,,,,,,,,,,,,,
*SSKEY_LENGTH,1,1,,,,,,,,,,,,,,,,,,,,,,,,,,,,,,,,,,
0,,,,,,,,,,,,,,,,,,,,,,,,,,,,,,,,,,,,
*EN_LP_TIMER_CALIBRATION,1,1,,,,,,,,,,,,,,,,,,,,,,,,,,,,,,,,,,
1,,,,,,,,,,,,,,,,,,,,,,,,,,,,,,,,,,,,
*EN_MUTUAL_AUTOTUNE,1,1,,,,,,,,,,,,,,,,,,,,,,,,,,,,,,,,,,
1,,,,,,,,,,,,,,,,,,,,,,,,,,,,,,,,,,,,
*EN_SELF_AUTOTUNE,1,1,,,,,,,,,,,,,,,,,,,,,,,,,,,,,,,,,,
1,,,,,,,,,,,,,,,,,,,,,,,,,,,,,,,,,,,,
*EN_SAVE_CX,1,1,,,,,,,,,,,,,,,,,,,,,,,,,,,,,,,,,,
1,,,,,,,,,,,,,,,,,,,,,,,,,,,,,,,,,,,,
*CX1_W,1,1,,,,,,,,,,,,,,,,,,,,,,,,,,,,,,,,,,
8,,,,,,,,,,,,,,,,,,,,,,,,,,,,,,,,,,,,
*CX2_W,1,1,,,,,,,,,,,,,,,,,,,,,,,,,,,,,,,,,,
1,,,,,,,,,,,,,,,,,,,,,,,,,,,,,,,,,,,,
*IX1_FORCE_W,1,1,,,,,,,,,,,,,,,,,,,,,,,,,,,,,,,,,,
2,,,,,,,,,,,,,,,,,,,,,,,,,,,,,,,,,,,,
*IX2_FORCE_W,1,1,,,,,,,,,,,,,,,,,,,,,,,,,,,,,,,,,,
1,,,,,,,,,,,,,,,,,,,,,,,,,,,,,,,,,,,,
*IX1_SENSE_W,1,1,,,,,,,,,,,,,,,,,,,,,,,,,,,,,,,,,,
2,,,,,,,,,,,,,,,,,,,,,,,,,,,,,,,,,,,,
*IX2_SENSE_W,1,1,,,,,,,,,,,,,,,,,,,,,,,,,,,,,,,,,,
1,,,,,,,,,,,,,,,,,,,,,,,,,,,,,,,,,,,,
*MS_RAW_DATA_MIN_MAX,1,2,,,,,,,,,,,,,,,,,,,,,,,,,,,,,,,,,,
-6000,6000,,,,,,,,,,,,,,,,,,,,,,,,,,,,,,,,,,,
*MS_RAW_DATA_EACH_MIN,16,37,,,,,,,,,,,,,,,,,,,,,,,,,,,,,,,,,,
-6000,-2000,-2000,-2000,-2000,-2000,-2000,-2000,-2000,-2000,-2000,-2000,-2000,-2000,-2000,-2000,-2000,-2000,-2000,-2000,-2000,-2000,-2000,-2000,-2000,-2000,-2000,-2000,-2000,-2000,-2000,-2000,-2000,-2000,-2000,-2000,-2000
-6000,-2000,-2000,-2000,-2000,-2000,-2000,-2000,-2000,-2000,-2000,-2000,-2000,-2000,-2000,-2000,-2000,-2000,-2000,-2000,-2000,-2000,-2000,-2000,-2000,-2000,-2000,-2000,-2000,-2000,-2000,-2000,-2000,-2000,-2000,-2000,-2000
-6000,-2000,-2000,-2000,-2000,-2000,-2000,-2000,-2000,-2000,-2000,-2000,-2000,-2000,-2000,-2000,-2000,-2000,-2000,-2000,-2000,-2000,-2000,-2000,-2000,-2000,-2000,-2000,-2000,-2000,-2000,-2000,-2000,-2000,-2000,-2000,-2000
-6000,-2000,-2000,-2000,-2000,-2000,-2000,-2000,-2000,-2000,-2000,-2000,-2000,-2000,-2000,-2000,-2000,-2000,-2000,-2000,-2000,-2000,-2000,-2000,-2000,-2000,-2000,-2000,-2000,-2000,-2000,-2000,-2000,-2000,-2000,-2000,-2000
-6000,-2000,-2000,-2000,-2000,-2000,-2000,-2000,-2000,-2000,-2000,-2000,-2000,-2000,-2000,-2000,-2000,-2000,-2000,-2000,-2000,-2000,-2000,-2000,-2000,-2000,-2000,-2000,-2000,-2000,-2000,-2000,-2000,-2000,-2000,-2000,-2000
-6000,-2000,-2000,-2000,-2000,-2000,-2000,-2000,-2000,-2000,-2000,-2000,-2000,-2000,-2000,-2000,-2000,-2000,-2000,-2000,-2000,-2000,-2000,-2000,-2000,-2000,-2000,-2000,-2000,-2000,-2000,-2000,-2000,-2000,-2000,-2000,-2000
-6000,-2000,-2000,-2000,-2000,-2000,-2000,-2000,-2000,-2000,-2000,-2000,-2000,-2000,-2000,-2000,-2000,-2000,-2000,-2000,-2000,-2000,-2000,-2000,-2000,-2000,-2000,-2000,-2000,-2000,-2000,-2000,-2000,-2000,-2000,-2000,-2000
-6000,-2000,-2000,-2000,-2000,-2000,-2000,-2000,-2000,-2000,-2000,-2000,-2000,-2000,-2000,-2000,-2000,-2000,-2000,-2000,-2000,-2000,-2000,-2000,-2000,-2000,-2000,-2000,-2000,-2000,-2000,-2000,-2000,-2000,-2000,-2000,-2000
-6000,-2000,-2000,-2000,-2000,-2000,-2000,-2000,-2000,-2000,-2000,-2000,-2000,-2000,-2000,-2000,-2000,-2000,-2000,-2000,-2000,-2000,-2000,-2000,-2000,-2000,-2000,-2000,-2000,-2000,-2000,-2000,-2000,-2000,-2000,-2000,-2000
-6000,-2000,-2000,-2000,-2000,-2000,-2000,-2000,-2000,-2000,-2000,-2000,-2000,-2000,-2000,-2000,-2000,-2000,-2000,-2000,-2000,-2000,-2000,-2000,-2000,-2000,-2000,-2000,-2000,-2000,-2000,-2000,-2000,-2000,-2000,-2000,-2000
-6000,-2000,-2000,-2000,-2000,-2000,-2000,-2000,-2000,-2000,-2000,-2000,-2000,-2000,-2000,-2000,-2000,-2000,-2000,-2000,-2000,-2000,-2000,-2000,-2000,-2000,-2000,-2000,-2000,-2000,-2000,-2000,-2000,-2000,-2000,-2000,-2000
-6000,-2000,-2000,-2000,-2000,-2000,-2000,-2000,-2000,-2000,-2000,-2000,-2000,-2000,-2000,-2000,-2000,-2000,-2000,-2000,-2000,-2000,-2000,-2000,-2000,-2000,-2000,-2000,-2000,-2000,-2000,-2000,-2000,-2000,-2000,-2000,-2000
-6000,-2000,-2000,-2000,-2000,-2000,-2000,-2000,-2000,-2000,-2000,-2000,-2000,-2000,-2000,-2000,-2000,-2000,-2000,-2000,-2000,-2000,-2000,-2000,-2000,-2000,-2000,-2000,-2000,-2000,-2000,-2000,-2000,-2000,-2000,-2000,-2000
-6000,-2000,-2000,-2000,-2000,-2000,-2000,-2000,-2000,-2000,-2000,-2000,-2000,-2000,-2000,-2000,-2000,-2000,-2000,-2000,-2000,-2000,-2000,-2000,-2000,-2000,-2000,-2000,-2000,-2000,-2000,-2000,-2000,-2000,-2000,-2000,-2000
-6000,-2000,-2000,-2000,-2000,-2000,-2000,-2000,-2000,-2000,-2000,-2000,-2000,-2000,-2000,-2000,-2000,-2000,-2000,-2000,-2000,-2000,-2000,-2000,-2000,-2000,-2000,-2000,-2000,-2000,-2000,-2000,-2000,-2000,-2000,-2000,-2000
-6000,-2000,-2000,-2000,-2000,-2000,-2000,-2000,-2000,-2000,-2000,-2000,-2000,-2000,-2000,-2000,-2000,-2000,-2000,-2000,-2000,-2000,-2000,-2000,-2000,-2000,-2000,-2000,-2000,-2000,-2000,-2000,-2000,-2000,-2000,-2000,-2000
*MS_RAW_DATA_EACH_MAX,16,37,,,,,,,,,,,,,,,,,,,,,,,,,,,,,,,,,,
6000,2000,2000,2000,2000,2000,2000,2000,2000,2000,2000,2000,2000,2000,2000,2000,2000,2000,2000,2000,2000,2000,2000,2000,2000,2000,2000,2000,2000,2000,2000,2000,2000,2000,2000,2000,2000
6000,2000,2000,2000,2000,2000,2000,2000,2000,2000,2000,2000,2000,2000,2000,2000,2000,2000,2000,2000,2000,2000,2000,2000,2000,2000,2000,2000,2000,2000,2000,2000,2000,2000,2000,2000,2000
6000,2000,2000,2000,2000,2000,2000,2000,2000,2000,2000,2000,2000,2000,2000,2000,2000,2000,2000,2000,2000,2000,2000,2000,2000,2000,2000,2000,2000,2000,2000,2000,2000,2000,2000,2000,2000
6000,2000,2000,2000,2000,2000,2000,2000,2000,2000,2000,2000,2000,2000,2000,2000,2000,2000,2000,2000,2000,2000,2000,2000,2000,2000,2000,2000,2000,2000,2000,2000,2000,2000,2000,2000,2000
6000,2000,2000,2000,2000,2000,2000,2000,2000,2000,2000,2000,2000,2000,2000,2000,2000,2000,2000,2000,2000,2000,2000,2000,2000,2000,2000,2000,2000,2000,2000,2000,2000,2000,2000,2000,2000
6000,2000,2000,2000,2000,2000,2000,2000,2000,2000,2000,2000,2000,2000,2000,2000,2000,2000,2000,2000,2000,2000,2000,2000,2000,2000,2000,2000,2000,2000,2000,2000,2000,2000,2000,2000,2000
6000,2000,2000,2000,2000,2000,2000,2000,2000,2000,2000,2000,2000,2000,2000,2000,2000,2000,2000,2000,2000,2000,2000,2000,2000,2000,2000,2000,2000,2000,2000,2000,2000,2000,2000,2000,2000
6000,2000,2000,2000,2000,2000,2000,2000,2000,2000,2000,2000,2000,2000,2000,2000,2000,2000,2000,2000,2000,2000,2000,2000,2000,2000,2000,2000,2000,2000,2000,2000,2000,2000,2000,2000,2000
6000,2000,2000,2000,2000,2000,2000,2000,2000,2000,2000,2000,2000,2000,2000,2000,2000,2000,2000,2000,2000,2000,2000,2000,2000,2000,2000,2000,2000,2000,2000,2000,2000,2000,2000,2000,2000
6000,2000,2000,2000,2000,2000,2000,2000,2000,2000,2000,2000,2000,2000,2000,2000,2000,2000,2000,2000,2000,2000,2000,2000,2000,2000,2000,2000,2000,2000,2000,2000,2000,2000,2000,2000,2000
6000,2000,2000,2000,2000,2000,2000,2000,2000,2000,2000,2000,2000,2000,2000,2000,2000,2000,2000,2000,2000,2000,2000,2000,2000,2000,2000,2000,2000,2000,2000,2000,2000,2000,2000,2000,2000
6000,2000,2000,2000,2000,2000,2000,2000,2000,2000,2000,2000,2000,2000,2000,2000,2000,2000,2000,2000,2000,2000,2000,2000,2000,2000,2000,2000,2000,2000,2000,2000,2000,2000,2000,2000,2000
6000,2000,2000,2000,2000,2000,2000,2000,2000,2000,2000,2000,2000,2000,2000,2000,2000,2000,2000,2000,2000,2000,2000,2000,2000,2000,2000,2000,2000,2000,2000,2000,2000,2000,2000,2000,2000
6000,2000,2000,2000,2000,2000,2000,2000,2000,2000,2000,2000,2000,2000,2000,2000,2000,2000,2000,2000,2000,2000,2000,2000,2000,2000,2000,2000,2000,2000,2000,2000,2000,2000,2000,2000,2000
6000,2000,2000,2000,2000,2000,2000,2000,2000,2000,2000,2000,2000,2000,2000,2000,2000,2000,2000,2000,2000,2000,2000,2000,2000,2000,2000,2000,2000,2000,2000,2000,2000,2000,2000,2000,2000
6000,2000,2000,2000,2000,2000,2000,2000,2000,2000,2000,2000,2000,2000,2000,2000,2000,2000,2000,2000,2000,2000,2000,2000,2000,2000,2000,2000,2000,2000,2000,2000,2000,2000,2000,2000,2000
*MS_RAW_ITO_DATA_MIN,16,37,,,,,,,,,,,,,,,,,,,,,,,,,,,,,,,,,,
1921,1952,1944,1935,1955,1950,1955,1967,1964,1970,1960,1956,1958,1961,1976,1971,1982,1971,1955,1867,1868,1856,1850,1865,1854,1872,1871,1884,1883,1866,1875,1871,1890,1887,1873,1883,1861
1982,2017,2011,2019,2024,2015,2025,2023,2013,2016,2020,2026,2015,2033,2021,2011,2024,2000,2000,1946,1949,1927,1932,1935,1945,1950,1956,1937,1952,1955,1936,1963,1952,1961,1960,1960,1910
1968,1991,1996,1994,2000,1995,2006,2001,2004,1982,1974,1998,1999,2007,1995,1978,1987,1961,1976,1923,1937,1940,1931,1946,1942,1947,1938,1938,1955,1952,1951,1948,1943,1964,1952,1943,1897
1965,1996,1997,1981,1998,1996,2000,2000,1997,2006,1997,1991,1989,1997,2004,2001,1991,1991,1976,1936,1937,1928,1919,1937,1928,1936,1938,1944,1953,1938,1946,1949,1966,1967,1946,1963,1930
1986,2020,2010,2015,2024,2019,2030,2025,2010,2025,2033,2024,2019,2037,2039,2025,2026,2027,2026,1969,1979,1976,1968,1981,1981,1986,1989,1988,2000,1993,1999,1994,1993,2007,1995,1988,1935
2006,2006,2012,2018,2021,2026,2030,2028,2020,2019,2015,2036,2026,2036,2034,2024,2030,2005,2009,1972,1990,1982,1975,1993,1984,1995,1987,1994,2007,2000,2000,2008,1995,2015,2003,1993,1931
2008,2017,2012,2009,2027,2019,2028,2035,2030,2036,2026,2021,2020,2016,2030,2033,2045,2017,2003,1980,1976,1964,1960,1973,1962,1980,1983,1992,1994,1988,1997,1985,1997,2009,1993,1994,1933
2042,2029,2030,2031,2024,2034,2029,2024,2018,2030,2022,2024,2030,2038,2042,2026,2021,2023,2015,1984,1994,1975,2002,1999,2003,2004,2005,2006,2007,2003,2024,2006,2003,2009,2015,2016,1835
2041,2035,2033,2022,2042,2039,2047,2052,2045,2040,2036,2036,2035,2039,2047,2040,2036,2022,2019,2000,2007,1993,1996,2006,2001,2015,2010,2009,2024,2018,2018,2021,2015,2027,2019,2013,1853
2013,2016,2018,2001,2022,2019,2021,2022,2016,2025,2014,2009,2009,2012,2021,2026,2017,2016,1992,1980,1983,1978,1976,1987,1979,1997,1996,2004,2011,1991,2000,1995,2004,2016,1999,1999,1940
1981,2003,1995,1983,1978,1986,1979,1974,1962,1978,1976,1980,1978,1968,1997,1965,1977,1951,1959,1923,1939,1949,1943,1942,1943,1955,1970,1965,1949,1950,1978,1970,1943,1953,1957,1961,1907
1970,1994,2003,1992,2006,2003,2009,1983,1995,1993,1988,1983,1985,2000,1973,1994,1989,1967,1973,1961,1955,1960,1969,1966,1967,1989,1963,1964,1980,1988,1973,1986,1961,1984,1966,1962,1904
1953,1981,1976,1973,1989,1985,1992,1990,1983,1986,1986,1985,1982,1982,1978,1994,1991,1971,1972,1969,1967,1964,1955,1973,1961,1982,1970,1977,1990,1977,1981,1981,1975,2003,1984,1982,1924
1934,1985,1979,1973,1976,1989,1983,1979,1973,1989,1983,1980,1979,1977,1972,1970,1983,1956,1965,1946,1960,1967,1964,1964,1970,1979,1974,1974,1971,1972,1978,1994,1976,1982,1988,1985,1921
1926,1954,1960,1946,1956,1953,1955,1964,1962,1964,1949,1943,1947,1941,1948,1945,1949,1939,1916,1945,1941,1934,1924,1949,1941,1958,1952,1965,1962,1943,1955,1954,1976,1976,1957,1969,1925
1829,1883,1882,1872,1879,1880,1877,1869,1877,1872,1867,1856,1853,1868,1847,1868,1863,1838,1853,1928,1922,1913,1916,1913,1912,1934,1906,1913,1938,1939,1925,1940,1928,1952,1937,1933,1887
*MS_RAW_ITO_DATA_MAX,16,37,,,,,,,,,,,,,,,,,,,,,,,,,,,,,,,,,,
3738,3761,3751,3735,3753,3754,3749,3786,3799,3796,3808,3813,3823,3801,3826,3839,3816,3818,3806,3669,3674,3649,3669,3680,3679,3714,3745,3689,3706,3723,3710,3701,3710,3715,3713,3711,3711
3815,3850,3846,3826,3853,3865,3844,3861,3855,3880,3885,3890,3891,3876,3889,3883,3888,3876,3870,3816,3811,3798,3826,3816,3819,3815,3888,3840,3865,3848,3863,3866,3874,3878,3888,3885,3885
3783,3840,3843,3826,3848,3865,3879,3861,3865,3879,3883,3908,3880,3920,3928,3885,3899,3899,3933,3830,3818,3798,3823,3825,3863,3850,3909,3846,3884,3881,3866,3889,3873,3893,3879,3880,3880
3846,3869,3870,3853,3851,3895,3888,3860,3873,3901,3905,3888,3891,3926,3930,3910,3939,3930,3906,3803,3813,3796,3833,3809,3860,3850,3889,3840,3861,3873,3855,3880,3865,3870,3863,3871,3871
3864,3873,3865,3851,3848,3898,3875,3891,3874,3891,3899,3881,3890,3913,3928,3915,3938,3916,3911,3859,3868,3894,3851,3885,3911,3881,3900,3923,3924,3928,3951,3915,3909,3925,3938,3981,3981
3896,3891,3890,3881,3861,3918,3894,3884,3871,3898,3908,3890,3895,3924,3934,3918,3928,3909,3906,3854,3839,3866,3871,3880,3894,3914,3949,3935,3919,3949,3919,3956,3965,3944,3951,3988,3988
3926,3929,3914,3906,3911,3931,3974,3941,3985,3969,3968,3945,3948,3961,3980,3966,3963,3965,3926,3913,3930,3950,3960,3969,3985,3995,4011,3984,3995,4011,3998,3993,3995,4010,4001,4021,4021
3938,3890,3884,3871,3883,3925,3911,3904,3930,3909,3938,3943,3923,3961,3985,3951,3984,3963,3970,3939,3919,3901,3933,3945,3944,3956,4033,3960,4008,3989,3998,3979,4006,4038,4026,4015,4015
3959,3904,3891,3874,3884,3920,3928,3899,3934,3926,3934,3925,3928,3945,3948,3930,3945,3939,3920,3966,3960,3926,3970,3986,3966,3985,4065,3991,4036,4021,4030,4000,4024,4059,4060,4053,4053
3924,3888,3873,3861,3855,3910,3885,3875,3881,3899,3913,3889,3895,3929,3931,3906,3933,3914,3918,3945,3935,3898,3940,3955,3943,3964,4038,3966,4008,3985,3999,3978,3994,4029,4030,4034,4034
3864,3846,3841,3828,3846,3878,3853,3833,3839,3863,3878,3861,3868,3884,3900,3876,3891,3878,3858,3898,3891,3866,3905,3904,3906,3918,3999,3924,3969,3944,3956,3940,3968,3983,3970,3989,3989
3851,3844,3846,3849,3859,3868,3841,3876,3864,3883,3874,3865,3870,3881,3869,3889,3878,3873,3876,3886,3899,3923,3921,3924,3953,3924,3984,3970,3970,3968,3995,3963,3971,3975,3988,4014,4014
3798,3829,3869,3818,3855,3860,3875,3861,3859,3858,3858,3895,3891,3871,3900,3894,3901,3836,3891,3880,3878,3893,3913,3934,3960,3965,3976,3950,3981,3940,3945,3963,3989,3986,3976,3999,3999
3763,3806,3821,3809,3800,3825,3804,3834,3818,3843,3814,3840,3823,3843,3854,3816,3838,3840,3811,3914,3910,3880,3919,3936,3919,3933,4015,3941,3995,3964,3976,3949,3951,3995,3985,3995,3995
3745,3780,3818,3766,3790,3798,3809,3788,3783,3779,3783,3824,3811,3785,3813,3809,3809,3763,3784,3809,3806,3826,3840,3863,3895,3880,3884,3865,3903,3871,3886,3895,3914,3904,3894,3926,3926
3609,3645,3643,3640,3646,3655,3631,3659,3643,3665,3644,3669,3640,3666,3674,3649,3690,3685,3656,3871,3863,3828,3863,3868,3864,3876,3943,3868,3915,3904,3913,3895,3905,3935,3934,3943,3943
*MS_RAW_ITO_DATA_ADJ_HORIZONTAL,16,36,,,,,,,,,,,,,,,,,,,,,,,,,,,,,,,,,,
217,170,172,183,196,168,198,194,179,194,170,182,188,172,174,170,198,185,378,173,175,183,164,201,178,183,186,168,161,166,177,168,191,164,173,238,
251,186,174,190,191,174,192,177,175,201,174,179,182,185,185,182,196,173,302,172,173,186,169,186,192,179,186,191,192,174,177,181,187,175,169,253,
263,190,179,179,192,175,194,174,185,185,183,186,192,181,181,185,191,174,279,173,172,195,174,195,185,181,185,188,174,190,178,175,183,168,166,257,
240,190,177,194,196,177,196,187,185,192,181,178,185,186,174,182,192,178,274,188,177,192,173,195,187,182,190,178,181,175,192,178,187,175,175,256,
238,181,165,190,191,170,200,183,178,192,178,182,190,186,175,183,187,173,274,172,181,192,170,200,172,182,191,174,187,177,194,187,179,177,166,259,
229,179,165,200,194,175,188,177,188,190,174,182,194,183,172,174,192,179,263,181,168,190,172,183,183,186,183,187,175,172,187,188,190,178,168,263,
209,181,166,175,187,177,191,183,188,188,177,186,191,185,183,182,179,181,259,185,181,190,168,187,183,192,187,172,186,179,191,177,188,169,165,263,
213,181,177,187,199,185,198,177,186,192,181,179,186,179,177,179,190,182,257,183,186,188,174,196,182,179,191,179,183,177,182,187,186,174,172,506,
216,170,170,187,196,170,208,185,183,195,173,190,198,177,179,181,195,181,229,178,179,192,173,190,187,183,190,177,187,182,182,173,182,174,175,478,
199,185,175,191,203,175,192,178,175,192,173,177,187,185,172,178,182,174,227,175,174,199,172,200,182,177,196,173,187,174,187,183,182,177,172,269,
212,179,172,191,195,182,207,177,182,187,178,178,187,190,177,183,195,175,217,172,182,199,173,194,185,185,182,174,188,172,192,182,183,165,161,270,
224,181,170,195,192,181,204,181,185,188,170,183,195,186,173,185,190,174,221,181,177,201,164,199,183,186,194,170,190,174,185,178,178,174,169,268,
240,183,165,183,196,170,211,173,185,187,178,173,187,174,175,185,192,178,204,185,173,192,169,191,175,187,191,182,181,173,182,177,179,166,166,274,
256,175,169,196,192,179,196,188,174,188,168,179,195,186,183,192,186,178,207,177,168,198,177,194,182,186,194,178,182,178,185,186,191,170,178,259,
238,182,172,179,194,175,199,173,170,198,172,174,196,185,170,179,187,182,224,177,173,190,173,188,183,183,191,177,185,179,190,188,179,172,175,272,
247,179,174,178,182,168,201,172,175,182,169,169,187,183,185,173,191,177,324,162,178,181,170,181,179,183,185,175,191,177,188,179,190,168,174,260,
*MS_RAW_ITO_DATA_ADJ_VERTICAL,15,37,,,,,,,,,,,,,,,,,,,,,,,,,,,,,,,,,,
316,319,329,327,328,332,348,339,340,331,333,336,332,337,323,335,324,326,331,384,392,387,388,397,407,392,392,401,398,414,411,418,409,419,426,410,292
316,302,314,322,328,327,349,340,355,357,361,358,368,378,372,367,381,380,380,367,374,378,391,384,381,371,383,389,384,385,389,383,380,397,402,383,289
357,362,359,357,354,362,376,381,388,394,396,393,393,391,404,415,418,422,417,444,445,440,449,443,443,454,450,453,443,450,449,450,448,456,461,459,345
300,327,349,344,349,359,375,371,376,385,401,406,423,420,435,426,424,441,436,437,450,463,452,461,444,452,471,448,459,465,462,469,471,480,474,472,372
285,263,271,275,281,284,288,293,309,302,310,313,309,309,313,315,307,307,305,322,323,320,332,324,332,336,329,329,337,319,324,324,316,320,331,333,237
367,363,365,365,376,391,396,400,409,413,414,431,431,431,445,440,441,456,449,461,469,479,474,474,480,480,483,483,475,504,498,510,506,496,500,497,402
288,315,333,327,328,340,335,337,350,355,363,362,362,374,381,371,372,385,379,375,394,396,387,385,404,391,402,405,396,410,415,422,431,411,409,418,566
251,254,245,255,254,255,263,258,262,263,263,271,277,272,272,276,283,287,293,279,279,275,280,285,290,290,289,289,307,293,298,294,303,319,305,329,205
271,244,238,253,245,253,250,257,255,254,259,259,270,271,276,274,283,287,294,285,302,290,287,298,306,310,293,314,307,313,324,328,324,323,318,335,430
280,259,253,263,267,279,272,279,288,287,288,296,289,310,315,306,307,322,302,303,297,305,313,306,307,315,313,313,316,310,314,310,318,319,315,328,223
267,267,272,297,301,315,318,305,320,335,335,337,341,352,350,366,370,361,372,379,383,389,394,405,405,401,402,409,402,396,420,422,415,419,418,415,315
277,290,292,280,284,290,296,296,290,298,310,309,311,309,318,315,320,316,319,326,319,326,333,337,329,341,329,337,350,346,341,354,365,359,349,358,249
293,292,290,281,289,302,303,298,311,313,318,316,324,315,329,315,326,331,336,326,310,320,327,324,320,336,327,336,339,328,329,336,340,344,335,327,229
290,318,322,339,345,357,359,374,378,379,400,405,410,417,444,437,448,444,452,428,428,437,436,433,448,446,453,461,458,461,467,458,475,453,470,484,383
440,398,404,404,404,413,409,410,411,420,415,422,439,430,431,431,432,453,449,329,331,332,339,350,344,350,349,342,344,354,365,367,370,367,368,392,288
297,229,224,228,232,218,251,222,225,232,219,219,237,233,235,223,241,227,374,212,228,231,220,231,229,233,235,225,241,227,238,229,240,218,224,310,
-150,150,,,,,,,,,,,,,,,,,,,,,,,,,,,,,,,,,,,
*MS_TOUCH_LOWPOWER_CX2_MIN,16,37,,,,,,,,,,,,,,,,,,,,,,,,,,,,,,,,,,
8,9,9,9,9,9,9,9,9,9,9,9,9,10,10,10,10,10,10,10,10,10,10,10,10,10,10,10,10,10,10,10,10,10,10,10,10
8,9,9,9,9,9,9,9,9,9,10,10,10,10,10,10,10,10,10,10,10,10,10,10,10,10,10,10,10,10,10,10,10,10,10,10,10
8,9,9,9,9,9,9,10,10,10,10,10,10,10,10,10,10,10,10,10,10,10,10,10,10,10,10,10,10,10,11,11,11,11,11,11,11
8,9,9,9,9,9,9,9,9,9,9,9,10,10,10,10,10,10,10,10,10,10,10,10,10,10,10,10,10,10,10,10,10,10,10,10,10
9,9,9,9,9,10,10,10,10,10,10,10,10,10,10,10,10,10,10,10,10,10,10,10,10,10,10,11,11,11,11,11,11,11,11,11,10
9,9,9,9,9,9,9,9,9,9,9,10,10,10,10,10,10,11,11,10,11,11,11,11,11,11,11,11,11,11,11,11,11,11,11,11,11
9,9,9,9,9,10,10,10,10,10,10,10,10,10,10,10,10,10,10,10,10,10,10,10,10,10,10,10,10,10,10,10,10,10,10,10,10
9,9,9,9,9,9,9,9,10,10,10,10,10,10,10,10,10,10,10,10,10,11,11,11,11,11,11,11,11,11,11,11,11,11,11,11,10
9,9,9,9,9,9,9,9,10,10,10,10,10,10,10,10,10,10,10,10,10,10,10,10,10,10,10,10,11,11,11,11,11,11,11,11,10
9,9,9,9,9,9,10,10,10,10,10,10,10,10,10,10,10,10,10,10,10,10,10,10,11,11,11,11,11,11,11,11,11,11,11,11,11
9,9,9,9,9,9,10,10,10,10,10,10,10,10,10,10,10,10,10,10,10,10,10,10,10,10,10,11,11,11,11,11,11,11,11,11,11
9,9,9,9,9,9,9,9,9,10,10,10,10,10,10,10,10,10,10,10,10,10,10,10,10,10,10,10,11,11,11,11,11,11,11,11,10
9,9,9,9,9,9,9,9,9,9,9,10,10,10,10,10,10,10,10,10,10,10,10,10,10,10,10,10,10,10,10,10,10,10,10,10,10
8,9,9,9,9,9,9,9,10,10,10,10,10,10,10,10,10,10,10,10,10,10,10,10,10,10,10,10,10,10,10,11,11,11,11,11,10
8,9,9,9,9,9,9,9,9,9,9,9,10,10,10,10,10,10,10,10,10,10,10,10,10,10,10,10,10,10,10,10,10,10,10,11,10
8,8,8,8,9,9,9,9,9,9,9,9,9,9,9,9,9,9,9,10,10,10,10,10,10,10,10,10,10,10,10,10,11,11,11,11,10
*MS_TOUCH_LOWPOWER_CX2_MAX,16,37,,,,,,,,,,,,,,,,,,,,,,,,,,,,,,,,,,
17,17,17,17,17,17,17,17,17,17,18,18,18,18,18,18,18,18,18,18,18,18,18,18,18,18,18,18,18,18,18,18,18,18,18,19,18
17,17,17,17,17,17,18,18,18,18,18,18,18,18,18,18,18,19,19,19,19,19,19,19,19,19,19,19,19,19,19,19,19,19,19,21,19
17,17,17,17,17,17,17,17,17,18,18,18,18,18,18,18,18,18,19,19,19,19,19,19,19,19,19,19,19,19,19,19,19,19,19,19,19
17,17,17,17,17,18,18,18,18,18,18,18,18,18,18,18,18,18,19,19,19,19,19,19,19,19,19,19,19,19,19,19,19,19,19,21,19
17,17,17,17,17,17,17,17,18,18,18,18,18,18,18,18,18,19,19,19,19,19,19,19,19,19,19,19,19,19,21,21,21,21,21,21,21
17,17,17,17,17,17,17,17,18,18,18,18,18,18,19,19,19,19,19,19,19,19,19,19,19,19,19,19,19,19,21,21,21,21,21,21,21
17,17,17,17,17,17,17,17,18,18,18,18,18,18,19,19,19,19,19,19,19,19,19,19,19,19,19,21,21,21,21,21,21,21,21,21,21
17,17,17,17,17,17,17,17,18,18,18,18,18,18,19,19,19,19,19,19,19,19,19,19,19,19,19,19,19,19,19,19,19,21,21,21,19
17,17,17,17,17,17,17,18,18,18,18,18,18,19,19,19,19,19,19,19,19,19,19,19,19,19,19,19,19,19,19,19,19,21,21,21,19
17,17,17,17,17,17,18,18,18,18,18,18,18,18,18,19,19,19,19,19,19,19,19,19,19,19,19,19,19,19,19,19,19,21,21,21,19
17,17,17,17,17,18,18,18,18,18,18,18,18,18,18,18,18,19,19,19,19,19,19,19,19,19,19,19,19,21,21,21,21,21,21,21,21
17,17,17,17,17,17,18,18,18,18,18,18,18,18,18,18,18,19,19,19,19,19,19,19,19,19,19,19,19,19,19,19,19,19,21,21,19
17,17,17,17,17,18,18,18,18,18,18,18,18,18,18,18,18,18,18,19,19,19,19,19,19,19,19,19,19,19,19,19,19,19,19,19,19
17,17,17,17,17,17,18,18,18,18,18,18,18,18,18,18,18,18,18,18,19,19,19,19,19,19,19,19,19,19,19,19,19,19,19,19,19
17,17,17,17,17,17,17,17,17,17,18,18,18,18,18,18,18,18,18,19,19,19,19,19,19,19,19,19,19,19,19,19,19,19,19,19,19
16,17,17,17,17,17,17,17,17,17,17,17,17,17,18,18,18,18,18,19,19,19,19,19,19,19,19,19,19,19,19,19,19,19,19,19,19
*MS_TOUCH_LOWPOWER_CX2_ADJ_HORIZONTAL,16,36,,,,,,,,,,,,,,,,,,,,,,,,,,,,,,,,,,
3,3,3,3,3,3,3,3,3,3,3,3,3,3,3,3,3,3,3,3,3,3,3,3,3,3,3,3,3,3,3,3,3,3,3,3,
3,3,3,3,3,3,3,3,3,3,3,3,3,3,3,3,3,3,3,3,3,3,3,3,3,3,3,3,3,3,3,3,3,3,4,4,
3,3,3,3,3,3,3,3,3,3,3,3,3,3,3,3,3,3,3,3,3,3,3,3,3,3,3,3,3,3,3,3,3,3,3,4,
4,3,3,3,3,3,3,3,3,3,3,3,3,3,3,3,3,3,3,3,3,3,3,3,3,3,3,3,3,3,3,3,4,3,3,4,
3,3,3,3,3,3,3,3,3,3,3,3,3,3,3,3,3,3,3,3,3,3,3,3,3,3,3,3,3,4,3,3,3,3,4,4,
3,3,3,3,3,3,3,3,3,3,3,3,3,3,3,3,3,3,3,3,3,3,3,3,3,3,3,3,3,3,3,3,3,3,4,4,
3,3,3,3,3,3,3,3,3,3,3,3,3,3,3,3,3,3,3,3,3,3,3,3,3,3,3,3,3,3,3,3,3,3,4,4,
3,3,3,3,3,3,3,3,3,3,3,3,3,3,3,3,3,3,3,3,3,3,3,3,3,3,3,3,3,3,3,3,3,3,3,5,
3,3,3,3,3,3,3,3,3,3,3,3,3,3,3,3,3,3,3,3,3,3,3,3,4,3,3,3,3,3,3,3,3,3,3,5,
3,3,3,3,3,3,3,3,3,3,3,3,3,3,3,3,3,3,3,3,3,3,3,3,3,3,3,3,3,3,3,3,3,3,3,4,
3,3,3,3,3,3,3,3,3,3,3,3,3,3,3,3,3,3,3,3,3,3,3,3,3,3,3,3,3,3,3,3,3,3,3,3,
3,3,3,3,3,3,3,3,3,3,3,3,3,3,3,3,4,3,3,3,3,3,3,3,3,3,3,3,3,3,4,3,3,3,3,4,
3,3,3,3,3,3,3,3,3,3,3,3,3,4,3,3,3,3,3,3,3,3,3,3,3,3,3,3,3,3,3,3,3,3,3,4,
3,3,3,3,3,3,3,3,3,3,3,3,3,3,3,3,3,3,3,3,3,3,4,3,3,3,3,3,3,3,3,3,3,3,3,4,
3,3,3,3,3,3,3,3,3,3,3,3,3,3,3,3,3,3,4,3,3,3,3,3,3,3,3,3,3,3,3,3,3,3,3,4,
4,3,3,3,3,3,3,3,3,3,3,3,3,3,3,3,3,3,4,3,3,3,3,3,4,3,3,3,3,3,3,3,3,3,3,4,
*MS_TOUCH_LOWPOWER_CX2_ADJ_VERTICAL,15,37,,,,,,,,,,,,,,,,,,,,,,,,,,,,,,,,,,
4,4,3,4,3,3,4,4,4,4,3,4,4,3,4,3,3,4,3,4,4,4,4,4,4,4,4,4,3,3,4,4,4,4,4,4,4
4,3,3,3,3,3,3,3,3,3,3,3,3,3,3,3,3,3,3,4,4,4,3,3,3,3,3,3,3,3,3,3,4,4,4,4,4
3,3,3,3,3,4,3,3,3,3,3,3,3,3,4,3,3,3,3,4,4,3,3,3,3,3,3,3,3,3,3,3,3,4,4,4,3
3,3,3,3,3,3,3,3,3,4,4,4,3,3,3,3,3,3,4,4,4,4,4,4,4,4,4,4,4,4,4,4,4,4,4,4,4
3,3,3,4,3,3,3,3,3,3,3,3,3,3,4,4,4,3,3,4,3,3,3,4,4,4,4,4,4,4,4,3,3,4,4,4,4
3,3,3,3,3,3,3,3,3,3,3,3,3,3,3,3,3,3,3,4,3,3,3,3,3,3,4,4,4,4,4,3,3,3,4,3,4
3,3,3,3,4,3,3,3,3,3,3,3,3,4,3,3,4,3,3,3,3,3,3,3,3,3,3,4,4,4,3,3,3,4,3,4,5
3,3,3,3,3,3,3,3,3,3,3,3,3,3,4,4,3,3,3,3,3,3,3,3,3,3,3,3,3,4,3,3,3,3,3,4,4
3,3,3,3,3,3,3,3,3,3,3,3,3,3,3,3,3,3,3,4,4,4,4,4,4,4,4,4,4,4,4,3,3,3,3,3,4
3,3,3,3,3,3,3,3,3,3,3,3,3,3,4,4,4,4,4,4,4,4,4,4,4,4,4,3,3,3,3,3,3,4,4,4,3
4,4,3,4,3,3,3,3,3,3,3,3,3,3,3,4,4,3,3,3,3,3,3,3,3,4,4,4,4,3,3,4,3,3,3,3,4
3,3,3,3,3,3,3,3,3,3,3,4,4,4,4,4,3,4,4,4,4,4,4,4,4,4,4,4,4,4,4,4,4,4,4,4,4
3,3,3,3,3,3,3,3,3,3,3,3,3,4,4,4,3,3,3,3,3,3,4,3,3,3,4,3,3,3,3,3,3,3,4,3,3
4,3,3,3,3,3,3,3,3,3,3,3,3,3,3,3,3,3,3,4,4,4,4,4,4,4,4,4,4,4,4,3,3,4,4,4,4
4,4,4,4,4,4,4,4,4,4,4,4,4,4,3,4,4,4,4,4,4,4,3,3,3,4,4,4,4,4,4,3,4,3,3,4,4
*SS_RAW_DATA_FORCE_MIN_MAX,1,2,,,,,,,,,,,,,,,,,,,,,,,,,,,,,,,,,,
-10000,10000,,,,,,,,,,,,,,,,,,,,,,,,,,,,,,,,,,,
*SS_RAW_DATA_FORCE_EACH_MIN,16,1,,,,,,,,,,,,,,,,,,,,,,,,,,,,,,,,,,
-10000,,,,,,,,,,,,,,,,,,,,,,,,,,,,,,,,,,,,
-10000,,,,,,,,,,,,,,,,,,,,,,,,,,,,,,,,,,,,
-10000,,,,,,,,,,,,,,,,,,,,,,,,,,,,,,,,,,,,
-10000,,,,,,,,,,,,,,,,,,,,,,,,,,,,,,,,,,,,
-10000,,,,,,,,,,,,,,,,,,,,,,,,,,,,,,,,,,,,
-10000,,,,,,,,,,,,,,,,,,,,,,,,,,,,,,,,,,,,
-10000,,,,,,,,,,,,,,,,,,,,,,,,,,,,,,,,,,,,
-10000,,,,,,,,,,,,,,,,,,,,,,,,,,,,,,,,,,,,
-10000,,,,,,,,,,,,,,,,,,,,,,,,,,,,,,,,,,,,
-10000,,,,,,,,,,,,,,,,,,,,,,,,,,,,,,,,,,,,
-10000,,,,,,,,,,,,,,,,,,,,,,,,,,,,,,,,,,,,
-10000,,,,,,,,,,,,,,,,,,,,,,,,,,,,,,,,,,,,
-10000,,,,,,,,,,,,,,,,,,,,,,,,,,,,,,,,,,,,
-10000,,,,,,,,,,,,,,,,,,,,,,,,,,,,,,,,,,,,
-10000,,,,,,,,,,,,,,,,,,,,,,,,,,,,,,,,,,,,
-10000,,,,,,,,,,,,,,,,,,,,,,,,,,,,,,,,,,,,
*SS_RAW_DATA_FORCE_EACH_MAX,16,1,,,,,,,,,,,,,,,,,,,,,,,,,,,,,,,,,,
10000,,,,,,,,,,,,,,,,,,,,,,,,,,,,,,,,,,,,
10000,,,,,,,,,,,,,,,,,,,,,,,,,,,,,,,,,,,,
10000,,,,,,,,,,,,,,,,,,,,,,,,,,,,,,,,,,,,
10000,,,,,,,,,,,,,,,,,,,,,,,,,,,,,,,,,,,,
10000,,,,,,,,,,,,,,,,,,,,,,,,,,,,,,,,,,,,
10000,,,,,,,,,,,,,,,,,,,,,,,,,,,,,,,,,,,,
10000,,,,,,,,,,,,,,,,,,,,,,,,,,,,,,,,,,,,
10000,,,,,,,,,,,,,,,,,,,,,,,,,,,,,,,,,,,,
10000,,,,,,,,,,,,,,,,,,,,,,,,,,,,,,,,,,,,
10000,,,,,,,,,,,,,,,,,,,,,,,,,,,,,,,,,,,,
10000,,,,,,,,,,,,,,,,,,,,,,,,,,,,,,,,,,,,
10000,,,,,,,,,,,,,,,,,,,,,,,,,,,,,,,,,,,,
10000,,,,,,,,,,,,,,,,,,,,,,,,,,,,,,,,,,,,
10000,,,,,,,,,,,,,,,,,,,,,,,,,,,,,,,,,,,,
10000,,,,,,,,,,,,,,,,,,,,,,,,,,,,,,,,,,,,
10000,,,,,,,,,,,,,,,,,,,,,,,,,,,,,,,,,,,,
*SS_TOUCH_ACTIVE_TOTAL_IX_FORCE_MIN,16,1,,,,,,,,,,,,,,,,,,,,,,,,,,,,,,,,,,
414,,,,,,,,,,,,,,,,,,,,,,,,,,,,,,,,,,,,
421,,,,,,,,,,,,,,,,,,,,,,,,,,,,,,,,,,,,
421,,,,,,,,,,,,,,,,,,,,,,,,,,,,,,,,,,,,
421,,,,,,,,,,,,,,,,,,,,,,,,,,,,,,,,,,,,
421,,,,,,,,,,,,,,,,,,,,,,,,,,,,,,,,,,,,
421,,,,,,,,,,,,,,,,,,,,,,,,,,,,,,,,,,,,
421,,,,,,,,,,,,,,,,,,,,,,,,,,,,,,,,,,,,
421,,,,,,,,,,,,,,,,,,,,,,,,,,,,,,,,,,,,
421,,,,,,,,,,,,,,,,,,,,,,,,,,,,,,,,,,,,
421,,,,,,,,,,,,,,,,,,,,,,,,,,,,,,,,,,,,
421,,,,,,,,,,,,,,,,,,,,,,,,,,,,,,,,,,,,
421,,,,,,,,,,,,,,,,,,,,,,,,,,,,,,,,,,,,
421,,,,,,,,,,,,,,,,,,,,,,,,,,,,,,,,,,,,
421,,,,,,,,,,,,,,,,,,,,,,,,,,,,,,,,,,,,
421,,,,,,,,,,,,,,,,,,,,,,,,,,,,,,,,,,,,
414,,,,,,,,,,,,,,,,,,,,,,,,,,,,,,,,,,,,
*SS_TOUCH_ACTIVE_TOTAL_IX_FORCE_MAX,16,1,,,,,,,,,,,,,,,,,,,,,,,,,,,,,,,,,,
546,,,,,,,,,,,,,,,,,,,,,,,,,,,,,,,,,,,,
554,,,,,,,,,,,,,,,,,,,,,,,,,,,,,,,,,,,,
554,,,,,,,,,,,,,,,,,,,,,,,,,,,,,,,,,,,,
554,,,,,,,,,,,,,,,,,,,,,,,,,,,,,,,,,,,,
554,,,,,,,,,,,,,,,,,,,,,,,,,,,,,,,,,,,,
563,,,,,,,,,,,,,,,,,,,,,,,,,,,,,,,,,,,,
563,,,,,,,,,,,,,,,,,,,,,,,,,,,,,,,,,,,,
554,,,,,,,,,,,,,,,,,,,,,,,,,,,,,,,,,,,,
554,,,,,,,,,,,,,,,,,,,,,,,,,,,,,,,,,,,,
554,,,,,,,,,,,,,,,,,,,,,,,,,,,,,,,,,,,,
554,,,,,,,,,,,,,,,,,,,,,,,,,,,,,,,,,,,,
554,,,,,,,,,,,,,,,,,,,,,,,,,,,,,,,,,,,,
554,,,,,,,,,,,,,,,,,,,,,,,,,,,,,,,,,,,,
554,,,,,,,,,,,,,,,,,,,,,,,,,,,,,,,,,,,,
554,,,,,,,,,,,,,,,,,,,,,,,,,,,,,,,,,,,,
546,,,,,,,,,,,,,,,,,,,,,,,,,,,,,,,,,,,,
*SS_RAW_DATA_SENSE_MIN_MAX,1,2,,,,,,,,,,,,,,,,,,,,,,,,,,,,,,,,,,
-12000,12000,,,,,,,,,,,,,,,,,,,,,,,,,,,,,,,,,,,
*SS_RAW_DATA_SENSE_EACH_MIN,1,37,,,,,,,,,,,,,,,,,,,,,,,,,,,,,,,,,,
-12000,-12000,-12000,-12000,-12000,-12000,-12000,-12000,-12000,-12000,-12000,-12000,-12000,-12000,-12000,-12000,-12000,-12000,-12000,-12000,-12000,-12000,-12000,-12000,-12000,-12000,-12000,-12000,-12000,-12000,-12000,-12000,-12000,-12000,-12000,-12000,-12000
*SS_RAW_DATA_SENSE_EACH_MAX,1,37,,,,,,,,,,,,,,,,,,,,,,,,,,,,,,,,,,
12000,12000,12000,12000,12000,12000,12000,12000,12000,12000,12000,12000,12000,12000,12000,12000,12000,12000,12000,12000,12000,12000,12000,12000,12000,12000,12000,12000,12000,12000,12000,12000,12000,12000,12000,12000,12000
*SS_TOUCH_ACTIVE_TOTAL_IX_SENSE_MIN,1,37,,,,,,,,,,,,,,,,,,,,,,,,,,,,,,,,,,
281,281,281,281,281,281,288,288,288,288,288,288,288,295,288,288,288,288,295,281,281,281,281,281,281,281,281,281,281,281,288,288,288,288,288,288,288
*SS_TOUCH_ACTIVE_TOTAL_IX_SENSE_MAX,1,37,,,,,,,,,,,,,,,,,,,,,,,,,,,,,,,,,,
370,370,378,370,370,378,378,378,378,378,378,387,387,387,387,387,387,378,387,378,370,370,370,370,370,370,370,370,370,370,370,370,378,378,370,378,370
